id	sample	reads	chrom	left_start	left_end	right_start	right_end	svtype	svlen
COLO829_SOMATIC_SV4_INS	GM18856	24	1	236097142	236097142	236097142	236108402	INS	11260
COLO829_SOMATIC_SV4_INS	HG03069	22	1	236097142	236097142	236097142	236108402	INS	11260
COLO829_SOMATIC_SV4_INS	GM18519	19	1	236097142	236097142	236097142	236108402	INS	11260
COLO829_SOMATIC_SV13_INS	HG03864	11	7	75595250	75595250	75595250	75595304	INS	54
COLO829_SOMATIC_SV13_INS	HG03548	2	7	75595250	75595250	75595250	75595304	INS	54
COLO829_SOMATIC_SV13_INS	HG02051	1	7	75595250	75595250	75595250	75595304	INS	54
COLO829_SOMATIC_SV34_INS	HG03770	8	14	34545553	34545553	34545553	34547950	INS	2397
COLO829_SOMATIC_SV34_INS	HG03563	2	14	34545553	34545553	34545553	34547950	INS	2397
COLO829_SOMATIC_SV34_INS	HG03168	1	14	34545553	34545553	34545553	34547950	INS	2397
